Train loss,Train loss KL,Train loss control hard,Train loss habitual hard,Accuracy
2.4462056159973145,0.0006283926777541637,2.30167293548584,0.14390410482883453,0.9571999907493591
2.446481466293335,0.0004017630126327276,2.302177906036377,0.14390183985233307,
2.4463982582092285,0.00027134036645293236,2.302311658859253,0.14381524920463562,
2.4460692405700684,0.00016398588195443153,2.3021039962768555,0.14380121231079102,
2.4435982704162598,8.218735456466675e-05,2.2996859550476074,0.14382998645305634,
2.4459056854248047,5.263066850602627e-05,2.301924467086792,0.14392854273319244,
2.4455196857452393,5.401531234383583e-05,2.3015899658203125,0.14387550950050354,
2.444343090057373,9.797420352697372e-05,2.300370931625366,0.1438741832971573,
2.443693161010742,0.00014291866682469845,2.2996933460235596,0.14385689795017242,
2.4395127296447754,0.00019546505063772202,2.295625925064087,0.1436913013458252,
2.4386019706726074,0.00019864318892359734,2.2947885990142822,0.1436147391796112,
2.4385569095611572,0.00022667599841952324,2.294682264328003,0.14364798367023468,
2.439236879348755,0.0002442772965878248,2.295379638671875,0.14361295104026794,
2.4390358924865723,0.00019997404888272285,2.295234203338623,0.14360161125659943,
2.4376418590545654,0.0002314453013241291,2.2937915325164795,0.14361877739429474,
2.429638624191284,0.00023574242368340492,2.2861130237579346,0.14328990876674652,
2.4348535537719727,0.0002054546494036913,2.291226387023926,0.14342175424098969,
2.429532289505005,0.00021336344070732594,2.2860593795776367,0.14325957000255585,
2.4276304244995117,0.00026168511249125004,2.2841451168060303,0.14322353899478912,
2.415186643600464,0.00031980383209884167,2.2722930908203125,0.14257390797138214,
2.409008502960205,0.0004904125817120075,2.2662882804870605,0.1422298550605774,
2.4069533348083496,0.0005039474926888943,2.263986349105835,0.1424628645181656,
2.4128005504608154,0.0005090793129056692,2.269571542739868,0.14271999895572662,
2.409205436706543,0.0006368153262883425,2.266170024871826,0.14239853620529175,
2.40716814994812,0.0006862792652100325,2.2641232013702393,0.14235886931419373,
2.371882438659668,0.0010450812987983227,2.230059862136841,0.14077769219875336,
2.390098810195923,0.0010950565338134766,2.247260332107544,0.141743466258049,
2.3487818241119385,0.0013857183512300253,2.2075321674346924,0.13986404240131378,
2.3584060668945312,0.0015572728589177132,2.2168262004852295,0.14002250134944916,
2.356229543685913,0.0020249104127287865,2.2138514518737793,0.14035315811634064,
2.371549367904663,0.0022632430773228407,2.2283647060394287,0.14092136919498444,
2.3452706336975098,0.00277534918859601,2.2027595043182373,0.13973580300807953,
2.291501998901367,0.0038307555951178074,2.150334596633911,0.13733670115470886,
2.3122634887695312,0.003703159047290683,2.1701128482818604,0.13844752311706543,
2.2865076065063477,0.004280498251318932,2.145066261291504,0.13716086745262146,
2.3211183547973633,0.0031822691671550274,2.1794519424438477,0.13848429918289185,
2.1928205490112305,0.007473744451999664,2.052278518676758,0.13306835293769836,
2.2174885272979736,0.00608651340007782,2.077998399734497,0.13340350985527039,
2.1515467166900635,0.009888703003525734,2.010965585708618,0.1306924819946289,
2.1968483924865723,0.00902619119733572,2.054525136947632,0.133296936750412,
2.18161678314209,0.009518254548311234,2.0398149490356445,0.13228373229503632,
2.113229274749756,0.011337595991790295,1.9738428592681885,0.12804894149303436,
2.172543525695801,0.011227695271372795,2.030623435974121,0.1306924968957901,
2.131345748901367,0.013106748461723328,1.9878672361373901,0.1303717941045761,
2.079763650894165,0.013038592413067818,1.9409000873565674,0.12582503259181976,
2.0700571537017822,0.012696524150669575,1.9310203790664673,0.12634028494358063,
2.0496363639831543,0.013040512800216675,1.91183602809906,0.12475980818271637,
2.059739351272583,0.011860419064760208,1.9227702617645264,0.12510882318019867,
1.979895830154419,0.012967911548912525,1.846082091331482,0.12084575742483139,
1.9565696716308594,0.01555989682674408,1.8203374147415161,0.12067236751317978,
1.9418247938156128,0.014907008036971092,1.8094481229782104,0.11746963858604431,
1.9571046829223633,0.014947529882192612,1.8229451179504395,0.11921200901269913,
1.9851512908935547,0.017597073689103127,1.84666109085083,0.12089312076568604,
1.9549018144607544,0.020057745277881622,1.816197395324707,0.11864659190177917,
1.841164469718933,0.03112662211060524,1.6991500854492188,0.11088772118091583,
1.9778097867965698,0.018928173929452896,1.8388067483901978,0.12007483094930649,
1.9411541223526,0.017892910167574883,1.8031738996505737,0.12008720636367798,
1.8629854917526245,0.027491288259625435,1.7224915027618408,0.11300268024206161,
1.8359687328338623,0.03303985297679901,1.6925331354141235,0.11039575189352036,
1.9630547761917114,0.03148556128144264,1.8142569065093994,0.11731226742267609,
1.8406518697738647,0.01608770713210106,1.7145886421203613,0.10997557640075684,
1.7970000505447388,0.02501169592142105,1.6642560958862305,0.10773226618766785,
1.918730616569519,0.02545975148677826,1.779731035232544,0.11353982985019684,
1.8750135898590088,0.027270739898085594,1.735532522201538,0.1122102215886116,
1.9125064611434937,0.028576897457242012,1.7697395086288452,0.11419011652469635,
1.8379772901535034,0.01920926384627819,1.7080858945846558,0.1106821745634079,
1.9180399179458618,0.019061392173171043,1.7837344408035278,0.11524409055709839,
1.9195984601974487,0.018401674926280975,1.7870475053787231,0.11414927989244461,
1.798567295074463,0.01822756789624691,1.6732218265533447,0.10711795091629028,
1.8155035972595215,0.018772844225168228,1.6887102127075195,0.10802057385444641,
1.9238622188568115,0.021112890914082527,1.7884269952774048,0.11432228982448578,
1.8431634902954102,0.02050642855465412,1.7119615077972412,0.11069563031196594,
1.8441359996795654,0.01676054671406746,1.717491626739502,0.10988382250070572,
1.878538727760315,0.0194492619484663,1.746368408203125,0.11272105574607849,
1.7698707580566406,0.020676182582974434,1.6457687616348267,0.10342582315206528,
1.8443529605865479,0.02095990814268589,1.7128798961639404,0.11051315069198608,
1.8802052736282349,0.01869797520339489,1.7501755952835083,0.11133170872926712,
1.8594378232955933,0.012583470903337002,1.736672282218933,0.11018206179141998,
1.800588846206665,0.012085246853530407,1.6810940504074097,0.10740954428911209,
1.9063801765441895,0.02161511406302452,1.7730886936187744,0.11167631298303604,
1.9262441396713257,0.019552282989025116,1.7924646139144897,0.11422731727361679,
1.8585591316223145,0.014949873089790344,1.7328321933746338,0.11077701300382614,
1.7315069437026978,0.013960402458906174,1.6154439449310303,0.1021026000380516,
1.8316700458526611,0.02079484984278679,1.701958417892456,0.10891678929328918,
1.838002324104309,0.022349517792463303,1.7060710191726685,0.10958186537027359,
1.8461387157440186,0.016837898641824722,1.7191892862319946,0.11011145263910294,
1.7638914585113525,0.015020469203591347,1.644917607307434,0.10395335406064987,
1.8331197500228882,0.014120152220129967,1.709224820137024,0.1097748801112175,
1.8072500228881836,0.02063615992665291,1.6801717281341553,0.10644206404685974,
1.8261648416519165,0.02580110728740692,1.692836046218872,0.10752768069505692,
1.7805789709091187,0.017844799906015396,1.6587668657302856,0.10396725684404373,
1.8673110008239746,0.014727945439517498,1.7409592866897583,0.11162377148866653,
1.833738923072815,0.013809219934046268,1.7117120027542114,0.10821771621704102,
1.855617642402649,0.01851700246334076,1.728731632232666,0.10836899280548096,
1.8846640586853027,0.01788855344057083,1.7546323537826538,0.1121431365609169,
1.7799904346466064,0.014107564464211464,1.6603668928146362,0.1055159717798233,
1.7491611242294312,0.01093102153390646,1.6351020336151123,0.1031280979514122,
1.8789564371109009,0.009392340667545795,1.758446455001831,0.11111754179000854,
1.8111613988876343,0.012451582588255405,1.6916589736938477,0.10705088078975677,
1.8201313018798828,0.012742561288177967,1.6988695859909058,0.10851922631263733,
1.7169854640960693,0.009009240195155144,1.6064444780349731,0.10153170675039291,
1.8026901483535767,0.013982999138534069,1.681548833847046,0.10715827345848083,
1.8379883766174316,0.010591650381684303,1.7184852361679077,0.10891152173280716,
1.8585017919540405,0.009928816929459572,1.7385838031768799,0.10998918116092682,
1.8315448760986328,0.013180255889892578,1.7099519968032837,0.10841262340545654,
1.812535047531128,0.012150510214269161,1.6930023431777954,0.1073821410536766,
1.7743371725082397,0.01054433360695839,1.6590816974639893,0.10471117496490479,
1.74213707447052,0.01041016262024641,1.6288425922393799,0.10288424044847488,
1.7910197973251343,0.011321859434247017,1.6730875968933105,0.10661035776138306,
1.7644131183624268,0.010032094083726406,1.6503738164901733,0.10400719940662384,
1.8415518999099731,0.013961177319288254,1.7190208435058594,0.10856986045837402,
1.8957798480987549,0.007162162568420172,1.7756413221359253,0.11297634989023209,
1.7750569581985474,0.006883878260850906,1.6629829406738281,0.10519019514322281,
1.7555248737335205,0.011471554636955261,1.6403788328170776,0.1036745086312294,
1.6790452003479004,0.01213759370148182,1.56796133518219,0.09894627332687378,
1.8329484462738037,0.008608058094978333,1.7165120840072632,0.10782831162214279,
1.8307803869247437,0.0085405632853508,1.7139487266540527,0.10829109698534012,
1.7787494659423828,0.007624086923897266,1.666229009628296,0.1048964336514473,
1.7476001977920532,0.01133672334253788,1.6330212354660034,0.10324221849441528,
1.7148327827453613,0.011811072938144207,1.6005386114120483,0.10248321294784546,
1.7605332136154175,0.009127588011324406,1.647531509399414,0.10387413948774338,
1.7893813848495483,0.006582953967154026,1.677096962928772,0.10570145398378372,
1.847690463066101,0.008533904328942299,1.7309848070144653,0.108171746134758,
1.8519189357757568,0.00981831457465887,1.7337357997894287,0.10836481302976608,
1.6929410696029663,0.008056225255131721,1.5844340324401855,0.10045075416564941,
1.8057392835617065,0.009740591049194336,1.688300609588623,0.10769806802272797,
1.7985217571258545,0.010330809280276299,1.6817103624343872,0.10648062080144882,
1.7366379499435425,0.012554516084492207,1.621044397354126,0.10303902626037598,
1.8044252395629883,0.009509291499853134,1.6891056299209595,0.10581032931804657,
1.7514925003051758,0.008853835053741932,1.6382331848144531,0.10440556704998016,
1.7925028800964355,0.007717655505985022,1.6780447959899902,0.10674043744802475,
1.7562199831008911,0.00803199503570795,1.6442813873291016,0.10390660166740417,
1.901175856590271,0.011823771521449089,1.776674509048462,0.11267760396003723,
1.7716728448867798,0.012777646072208881,1.6540265083312988,0.10486870259046555,
1.6968498229980469,0.008080150000751019,1.5882563591003418,0.10051330178976059,
1.6829097270965576,0.0077969953417778015,1.5751798152923584,0.09993290156126022,
1.7109020948410034,0.007065371610224247,1.6021883487701416,0.10164834558963776,
1.7603415250778198,0.007891783490777016,1.648158311843872,0.10429143905639648,
1.7672899961471558,0.009056519716978073,1.6538230180740356,0.10441038757562637,
1.7525248527526855,0.0060925791040062904,1.6417509317398071,0.10468139499425888,
1.714666724205017,0.005531743168830872,1.6075831651687622,0.10155179351568222,
1.7534582614898682,0.008783796802163124,1.641503930091858,0.1031704768538475,
1.736272931098938,0.007144376635551453,1.6255966424942017,0.10353192687034607,
1.777999758720398,0.007318906951695681,1.6662780046463013,0.10440285503864288,
1.8477814197540283,0.008579268120229244,1.7291892766952515,0.11001291871070862,
1.87348210811615,0.012359796091914177,1.7506237030029297,0.11049865931272507,
1.8177084922790527,0.010140799917280674,1.6994842290878296,0.10808353126049042,
1.687953233718872,0.006443645805120468,1.5820823907852173,0.09942721575498581,
1.6835497617721558,0.008085686713457108,1.5759155750274658,0.09954848885536194,
1.7618831396102905,0.008370297029614449,1.6482871770858765,0.10522565990686417,
1.806337833404541,0.012456618249416351,1.6884980201721191,0.10538320243358612,
1.7158472537994385,0.008658258244395256,1.605223536491394,0.10196544975042343,
1.793278455734253,0.006170913577079773,1.6800315380096436,0.1070760190486908,
1.76442551612854,0.005918842740356922,1.654510259628296,0.10399641841650009,
1.8089593648910522,0.005576037801802158,1.6963649988174438,0.10701829195022583,
1.7972925901412964,0.00603087991476059,1.6849781274795532,0.10628356039524078,
1.7468727827072144,0.00537545932456851,1.6385654211044312,0.10293182730674744,
1.7316538095474243,0.0051925284788012505,1.624228835105896,0.1022324413061142,
1.723289966583252,0.005693790037184954,1.6158394813537598,0.10175669193267822,
1.873763918876648,0.008198494091629982,1.754930853843689,0.11063461750745773,
1.685333013534546,0.007170886732637882,1.578506350517273,0.09965572506189346,
1.6792222261428833,0.006926838308572769,1.5724735260009766,0.0998217836022377,
1.6801191568374634,0.007798024453222752,1.5728023052215576,0.09951874613761902,
1.8328773975372314,0.007520079147070646,1.7172811031341553,0.10807623714208603,
1.6849905252456665,0.00655409088358283,1.5784318447113037,0.10000460594892502,
1.7834281921386719,0.007861096411943436,1.6697523593902588,0.10581466555595398,
1.6980019807815552,0.008419756777584553,1.5892404317855835,0.10034183412790298,
1.8214619159698486,0.006458269897848368,1.7080984115600586,0.10690516978502274,
1.8122485876083374,0.00603364035487175,1.6994119882583618,0.10680292546749115,
1.8265693187713623,0.009207993745803833,1.7092522382736206,0.10810914635658264,
1.8533371686935425,0.01299406960606575,1.7314224243164062,0.10892074555158615,
1.8000426292419434,0.016006097197532654,1.6794706583023071,0.1045658215880394,
1.772853970527649,0.010053317993879318,1.6577179431915283,0.10508278012275696,
1.7264143228530884,0.005821053870022297,1.61882483959198,0.10176833719015121,
1.782204031944275,0.009065226651728153,1.6673915386199951,0.10574722290039062,
1.7498116493225098,0.012653231620788574,1.6344749927520752,0.10268339514732361,
1.7732967138290405,0.011883052997291088,1.655941128730774,0.1054726094007492,
1.7235686779022217,0.00993015244603157,1.6117104291915894,0.10192814469337463,
1.7330882549285889,0.009460028260946274,1.6211085319519043,0.10251978039741516,
1.7723753452301025,0.007983854971826077,1.660186767578125,0.10420478135347366,
1.7592471837997437,0.006752338260412216,1.6485179662704468,0.10397690534591675,
1.7213308811187744,0.005262378137558699,1.6151320934295654,0.10093637555837631,
1.768201470375061,0.009438443928956985,1.655132532119751,0.10363056510686874,
1.6970845460891724,0.013564566150307655,1.583186388015747,0.10033362358808517,
1.753022313117981,0.01370756421238184,1.6366509199142456,0.10266383737325668,
1.7744674682617188,0.008915655314922333,1.66138756275177,0.10416426509618759,
1.7588090896606445,0.007677831221371889,1.6479936838150024,0.10313759744167328,
1.7536917924880981,0.009845014661550522,1.640229344367981,0.10361740738153458,
1.8148518800735474,0.012713363394141197,1.6953856945037842,0.10675288736820221,
1.7546026706695557,0.011954180896282196,1.6396692991256714,0.10297920554876328,
1.7836626768112183,0.00892917811870575,1.6690926551818848,0.10564085841178894,
1.688409686088562,0.005564772989600897,1.5832297801971436,0.09961508214473724,
1.7011463642120361,0.005993889179080725,1.594232201576233,0.10092035681009293,
1.7492737770080566,0.012121922336518764,1.6344716548919678,0.10268020629882812,
1.787718415260315,0.009923282079398632,1.6736429929733276,0.10415208339691162,
1.8358436822891235,0.006010121665894985,1.7215075492858887,0.10832590609788895,
1.7582510709762573,0.00828760489821434,1.6464378833770752,0.10352563858032227,
1.725074052810669,0.012855645269155502,1.6099395751953125,0.10227878391742706,
1.7664986848831177,0.011912280693650246,1.649766445159912,0.10482004284858704,
1.6984363794326782,0.009865693747997284,1.589062213897705,0.09950857609510422,
1.8319422006607056,0.009876410476863384,1.7143592834472656,0.10770655423402786,
1.8003109693527222,0.01010239589959383,1.6837971210479736,0.10641149431467056,
1.7992472648620605,0.0070318314246833324,1.6861711740493774,0.10604426264762878,
1.7640262842178345,0.006448262371122837,1.6530466079711914,0.10453135520219803,
1.7079311609268188,0.00856347568333149,1.5981858968734741,0.10118173807859421,
1.7607488632202148,0.011093653738498688,1.6454523801803589,0.10420282930135727,
1.7011548280715942,0.011678298935294151,1.5883195400238037,0.10115690529346466,
1.7205891609191895,0.011557360179722309,1.6079939603805542,0.10103781521320343,
1.6898642778396606,0.007557820528745651,1.5827363729476929,0.09957008063793182,
1.8190851211547852,0.008637678809463978,1.7029064893722534,0.10754090547561646,
1.697216272354126,0.010249907150864601,1.5875078439712524,0.09945853054523468,
1.743754267692566,0.011907482519745827,1.629030704498291,0.1028161570429802,
1.7083886861801147,0.007916810922324657,1.599932312965393,0.10053962469100952,
1.7758313417434692,0.008216510526835918,1.6631970405578613,0.1044178307056427,
1.7240543365478516,0.009051604196429253,1.6123913526535034,0.10261140018701553,
1.8644108772277832,0.0134256761521101,1.7406864166259766,0.11029879748821259,
1.6943378448486328,0.009906483814120293,1.5842807292938232,0.10015057027339935,
1.7304420471191406,0.009148424491286278,1.6195366382598877,0.10175690054893494,
1.7700921297073364,0.01030060462653637,1.6550432443618774,0.1047481968998909,
1.7525887489318848,0.007747006136924028,1.6413482427597046,0.10349346697330475,
1.8414238691329956,0.00799880176782608,1.7246023416519165,0.10882270336151123,
1.7028311491012573,0.006958237383514643,1.5957287549972534,0.1001441553235054,
1.8029983043670654,0.010080244392156601,1.6862871646881104,0.10663086920976639,
1.6800267696380615,0.016204720363020897,1.5657424926757812,0.09807953238487244,
1.8495280742645264,0.011975649744272232,1.7283939123153687,0.10915851593017578,
1.809177279472351,0.00878860428929329,1.6929657459259033,0.10742290318012238,
1.8189617395401,0.011371227912604809,1.700076699256897,0.10751382261514664,
1.8350859880447388,0.022411104291677475,1.7036265134811401,0.10904834419488907,
1.6997363567352295,0.013134533539414406,1.5854233503341675,0.10117858648300171,
1.7501364946365356,0.01292822603136301,1.6334974765777588,0.10371080040931702,
1.7467823028564453,0.011597746051847935,1.631941556930542,0.10324296355247498,
1.7312363386154175,0.009606963023543358,1.6188915967941284,0.10273775458335876,
1.8226443529129028,0.009568752720952034,1.7060903310775757,0.1069851964712143,
1.7891614437103271,0.011090066283941269,1.6727981567382812,0.10527321696281433,
1.7607046365737915,0.011371820233762264,1.6464873552322388,0.1028454601764679,
1.7110402584075928,0.00823493767529726,1.6020759344100952,0.1007293313741684,
1.7147784233093262,0.010623442940413952,1.603092074394226,0.10106289386749268,
1.7002968788146973,0.01184516679495573,1.5885390043258667,0.09991275519132614,
1.6678428649902344,0.008934573270380497,1.5602771043777466,0.09863118827342987,
1.7181168794631958,0.008406334556639194,1.609493613243103,0.10021692514419556,
1.7396289110183716,0.009832154959440231,1.627967119216919,0.10182962566614151,
1.7333871126174927,0.011548926122486591,1.6197881698608398,0.10205012559890747,
1.7184689044952393,0.007495583966374397,1.6093884706497192,0.10158483684062958,
1.8527278900146484,0.008480727672576904,1.7352263927459717,0.10902082920074463,
1.7960586547851562,0.008144514635205269,1.6822484731674194,0.10566572844982147,
1.8320287466049194,0.007314501330256462,1.717374563217163,0.1073397845029831,
1.7324482202529907,0.008219480514526367,1.6224147081375122,0.10181408375501633,
1.6783106327056885,0.009681664407253265,1.570035696029663,0.09859323501586914,
1.725709319114685,0.011412197723984718,1.6124211549758911,0.10187599807977676,
1.7552728652954102,0.01184645015746355,1.6395995616912842,0.10382688045501709,
1.8025107383728027,0.00842001847922802,1.687734603881836,0.1063561886548996,
1.7081189155578613,0.005836525931954384,1.6017403602600098,0.10054204612970352,
1.8501204252243042,0.007259047590196133,1.7342355251312256,0.10862592607736588,
1.7531203031539917,0.004471877124160528,1.645166039466858,0.10348241776227951,
1.7218331098556519,0.008457905612885952,1.6106319427490234,0.1027432531118393,
1.7737895250320435,0.010908866301178932,1.6582754850387573,0.10460516065359116,
1.7634238004684448,0.01172102801501751,1.6485273838043213,0.10317538678646088,
1.8367751836776733,0.006613765377551317,1.7212735414505005,0.10888794809579849,
1.6595193147659302,0.00624256394803524,1.555531620979309,0.0977451354265213,
1.7014812231063843,0.006364903878420591,1.5945038795471191,0.10061237961053848,
1.7218328714370728,0.007060288451611996,1.6128935813903809,0.10187896341085434,
1.738163948059082,0.005132463760674,1.6304519176483154,0.10257954895496368,
1.6928716897964478,0.004433971829712391,1.5883744955062866,0.10006318986415863,
1.6940486431121826,0.007074164226651192,1.5869574546813965,0.10001707822084427,
1.8337202072143555,0.008971438743174076,1.7164900302886963,0.10825873911380768,
1.8015626668930054,0.008879607543349266,1.6864279508590698,0.10625501722097397,
1.7617430686950684,0.005408367142081261,1.6524726152420044,0.10386202484369278,
1.6911040544509888,0.004432924557477236,1.5872188806533813,0.09945223480463028,
1.7120766639709473,0.0053037614561617374,1.6058743000030518,0.10089866816997528,
1.720579743385315,0.004122346173971891,1.6157346963882446,0.10072264075279236,
1.8369255065917969,0.007115837652236223,1.7217330932617188,0.10807657986879349,
1.7188327312469482,0.008378369733691216,1.6088907718658447,0.10156355053186417,
1.7624775171279907,0.008846871554851532,1.6487948894500732,0.10483577102422714,
1.7566503286361694,0.010740941390395164,1.6426610946655273,0.1032482460141182,
1.7783783674240112,0.010689256712794304,1.662360668182373,0.10532841086387634,
1.7896744012832642,0.007481378503143787,1.6770516633987427,0.10514143109321594,
1.7181283235549927,0.005649161990731955,1.6115087270736694,0.10097040235996246,
1.672804832458496,0.005131066776812077,1.56903076171875,0.09864295274019241,
1.7471718788146973,0.007795926183462143,1.6365491151809692,0.10282682627439499,
1.6877398490905762,0.007106654345989227,1.5812084674835205,0.09942477196455002,
1.7246392965316772,0.00927762035280466,1.614118218421936,0.10124345868825912,
1.7601847648620605,0.007710067555308342,1.648947834968567,0.10352688282728195,
1.7229684591293335,0.007359362207353115,1.6143128871917725,0.10129617154598236,
1.7464687824249268,0.00574377179145813,1.6373811960220337,0.10334387421607971,
1.6736786365509033,0.005536467768251896,1.5690845251083374,0.0990576297044754,
1.7110553979873657,0.008013822138309479,1.6020480394363403,0.10099353641271591,
1.7705259323120117,0.007270755246281624,1.658932089805603,0.10432306677103043,
1.716424822807312,0.006869623903185129,1.6083484888076782,0.10120666772127151,
1.7253267765045166,0.007394664920866489,1.6160306930541992,0.10190136730670929,
1.7553504705429077,0.007410979829728603,1.644656777381897,0.10328272730112076,
1.7239179611206055,0.007320080883800983,1.6156386137008667,0.10095930844545364,
1.7052170038223267,0.006776561960577965,1.5976818799972534,0.10075858980417252,
1.7158048152923584,0.005190676543861628,1.60993230342865,0.10068178921937943,
1.7950104475021362,0.005893385969102383,1.683377742767334,0.1057393029332161,
1.7696794271469116,0.005598325282335281,1.6596660614013672,0.10441509634256363,
1.7278530597686768,0.0076142242178320885,1.6182395219802856,0.10199924558401108,
1.7837470769882202,0.00551454396918416,1.6730372905731201,0.10519532114267349,
1.624476432800293,0.007244936190545559,1.5206682682037354,0.09656323492527008,
1.7385358810424805,0.006787420250475407,1.6291331052780151,0.10261540859937668,
1.727070927619934,0.006626468151807785,1.6184308528900146,0.10201358050107956,
1.726284384727478,0.004966276232153177,1.6193369626998901,0.10198118537664413,
1.7057397365570068,0.005976169370114803,1.5998178720474243,0.09994564950466156,
1.7290276288986206,0.0075996629893779755,1.6202658414840698,0.1011621356010437,
1.788193941116333,0.006078355945646763,1.6765192747116089,0.10559628903865814,
1.7361090183258057,0.006049484945833683,1.6278058290481567,0.10225371271371841,
1.767350435256958,0.015038709156215191,1.647577166557312,0.10473453998565674,
1.7526168823242188,0.014685772359371185,1.6355185508728027,0.10241260379552841,
1.7184629440307617,0.007863488048315048,1.6096603870391846,0.100939080119133,
1.6758023500442505,0.007701617665588856,1.5694818496704102,0.09861887991428375,
1.718662142753601,0.009273858740925789,1.6083511114120483,0.10103710740804672,
1.7546007633209229,0.013667206279933453,1.6375916004180908,0.10334192216396332,
1.7036421298980713,0.010845266282558441,1.5927658081054688,0.10003098845481873,
1.6979058980941772,0.00760152842849493,1.5905709266662598,0.09973341971635818,
1.7121835947036743,0.00826845970004797,1.6026045083999634,0.10131055861711502,
1.7181708812713623,0.006274307146668434,1.6104611158370972,0.10143537819385529,
1.7225151062011719,0.010385850444436073,1.6106747388839722,0.10145445913076401,
1.7757210731506348,0.009179012849926949,1.6619541645050049,0.10458794981241226,
1.672554612159729,0.0069667682982981205,1.5669904947280884,0.098597452044487,
1.806630253791809,0.009901631623506546,1.6906826496124268,0.1060459092259407,
1.692299723625183,0.00999915786087513,1.5826493501663208,0.09965121746063232,
1.825697422027588,0.011066691018640995,1.7069823741912842,0.10764838010072708,
1.7154350280761719,0.007656760513782501,1.606785535812378,0.10099263489246368,
1.7001029253005981,0.008871004916727543,1.591295838356018,0.09993613511323929,
1.8262372016906738,0.008252758532762527,1.7105227708816528,0.10746173560619354,
1.7095627784729004,0.00889897532761097,1.5992655754089355,0.1013982892036438,
1.752990484237671,0.012067125178873539,1.6371753215789795,0.10374811291694641,
1.7011446952819824,0.01074968557804823,1.5892375707626343,0.10115742683410645,
1.7285529375076294,0.013783584348857403,1.6126790046691895,0.10209035128355026,
1.8018368482589722,0.013470758683979511,1.6833866834640503,0.10497938096523285,
1.6943695545196533,0.010484712198376656,1.5842572450637817,0.09962766617536545,
1.6494003534317017,0.00955591443926096,1.5423437356948853,0.09750063717365265,
1.7347127199172974,0.00929710641503334,1.6231991052627563,0.10221646726131439,
1.7313148975372314,0.008732263930141926,1.6199445724487305,0.10263799875974655,
1.6860178709030151,0.009075258858501911,1.577265739440918,0.09967685490846634,
1.685350775718689,0.012341564521193504,1.574235200881958,0.09877393394708633,
1.689611792564392,0.009183110669255257,1.5805349349975586,0.099893718957901,
1.6953381299972534,0.016494102776050568,1.5792592763900757,0.09958466142416,
1.6861063241958618,0.012288539670407772,1.573880672454834,0.0999370813369751,
1.7115023136138916,0.02155214548110962,1.5881184339523315,0.101831816136837,
1.6997696161270142,0.014182121492922306,1.584581732749939,0.10100579261779785,
1.6312479972839355,0.008471188135445118,1.527058482170105,0.09571833908557892,
1.6764514446258545,0.015729136765003204,1.5620945692062378,0.09862769395112991,
1.663673758506775,0.008148192428052425,1.5567647218704224,0.09876089543104172,
1.707584023475647,0.012148719280958176,1.5941438674926758,0.10129144042730331,
1.6679590940475464,0.01324254646897316,1.557252287864685,0.09746424853801727,
1.679827332496643,0.012059744447469711,1.5686575174331665,0.09911013394594193,
1.6924883127212524,0.009473218582570553,1.5830804109573364,0.09993473440408707,
1.6606980562210083,0.018932119011878967,1.5414495468139648,0.10031643509864807,
1.649152159690857,0.018060948699712753,1.5346229076385498,0.09646835178136826,
1.7372126579284668,0.016459425911307335,1.6183595657348633,0.10239357501268387,
1.649829387664795,0.01595970056951046,1.5371880531311035,0.09668164700269699,
1.7138625383377075,0.014396540820598602,1.5978859663009644,0.10158004611730576,
1.652153491973877,0.014094137586653233,1.5402240753173828,0.09783528745174408,
1.6946027278900146,0.02411981113255024,1.5687814950942993,0.10170142352581024,
1.7416777610778809,0.03090224787592888,1.6083226203918457,0.10245291888713837,
1.6925197839736938,0.02768189273774624,1.5637564659118652,0.10108137875795364,
1.6517366170883179,0.01349988766014576,1.5404675006866455,0.09776923805475235,
1.6822606325149536,0.006967564113438129,1.576346755027771,0.09894637763500214,
1.6481437683105469,0.00623744260519743,1.5448869466781616,0.0970194861292839,
1.6936719417572021,0.01358035858720541,1.579999566078186,0.10009203106164932,
1.6367321014404297,0.015654005110263824,1.524195671081543,0.09688251465559006,
1.6991926431655884,0.012092702090740204,1.586639165878296,0.10046080499887466,
1.7043148279190063,0.013524997048079967,1.5906389951705933,0.10015083104372025,
1.705743432044983,0.010618582367897034,1.5943729877471924,0.10075192898511887,
1.6721715927124023,0.009184876456856728,1.5648139715194702,0.09817282855510712,
1.6620088815689087,0.0074659897945821285,1.5560002326965332,0.0985426977276802,
1.628617286682129,0.006763035897165537,1.5256178379058838,0.09623648971319199,
1.6529873609542847,0.00804306659847498,1.5473065376281738,0.09763780981302261,
1.6526888608932495,0.008888169191777706,1.5452903509140015,0.09851038455963135,
1.6679022312164307,0.012360901571810246,1.5563828945159912,0.0991583913564682,
1.6730235815048218,0.010936044156551361,1.5629239082336426,0.09916363656520844,
1.6520006656646729,0.007037262432277203,1.5478442907333374,0.09711913019418716,
1.6928949356079102,0.008706962689757347,1.5833523273468018,0.10083572566509247,
1.6097735166549683,0.008507899940013885,1.505117654800415,0.09614799171686172,
1.6269514560699463,0.00824642088264227,1.5234458446502686,0.0952591821551323,
1.686765193939209,0.008977092802524567,1.5779454708099365,0.09984268993139267,
1.6573166847229004,0.007951435633003712,1.550892949104309,0.09847230464220047,
1.6586482524871826,0.008222003467381,1.5513582229614258,0.09906799346208572,
1.7455713748931885,0.011163447052240372,1.6314090490341187,0.10299883782863617,
1.6471363306045532,0.009027775377035141,1.5407390594482422,0.09736952185630798,
1.6121017932891846,0.00981832668185234,1.5068811178207397,0.0954023078083992,
1.6371010541915894,0.008272292092442513,1.5325902700424194,0.09623853117227554,
1.6707695722579956,0.006256523076444864,1.566206455230713,0.0983065664768219,
1.6371045112609863,0.007177257910370827,1.5334148406982422,0.09651239216327667,
1.65474271774292,0.0058358656242489815,1.551202416419983,0.09770436584949493,
1.6403900384902954,0.0064079649746418,1.537177562713623,0.09680445492267609,
1.663609504699707,0.010815592482686043,1.553763508796692,0.09903031587600708,
1.6942967176437378,0.009733014740049839,1.5838061571121216,0.10075763612985611,
1.6989632844924927,0.007930842228233814,1.5904340744018555,0.10059839487075806,
1.6755881309509277,0.0065382663160562515,1.5700258016586304,0.09902410954236984,
1.6438950300216675,0.005413343198597431,1.5413098335266113,0.09717191755771637,
1.6813536882400513,0.006703365594148636,1.5756069421768188,0.09904338419437408,
1.6657116413116455,0.008045664057135582,1.5589581727981567,0.09870782494544983,
1.6098936796188354,0.007793903816491365,1.507683515548706,0.09441621601581573,
1.6831804513931274,0.00765211321413517,1.5769277811050415,0.09860054403543472,
1.6398534774780273,0.006657605990767479,1.5364856719970703,0.09671016037464142,
1.7195698022842407,0.008046102710068226,1.6094188690185547,0.1021048054099083,
1.6546322107315063,0.008339636959135532,1.5474917888641357,0.09880074113607407,
1.6643085479736328,0.009181657806038857,1.5573744773864746,0.09775243699550629,
1.6711839437484741,0.008216268382966518,1.5641812086105347,0.09878645092248917,
1.6255372762680054,0.004681414924561977,1.5251555442810059,0.095700204372406,
1.6403383016586304,0.00494454987347126,1.5383154153823853,0.0970783680677414,
1.6294829845428467,0.0057627493515610695,1.5280462503433228,0.0956740602850914,
1.6293509006500244,0.006997276097536087,1.526896595954895,0.09545707702636719,
1.6942211389541626,0.009333359077572823,1.5850982666015625,0.09978950023651123,
1.6882400512695312,0.006006850861012936,1.5824368000030518,0.09979639947414398,
1.6175979375839233,0.008656191639602184,1.5138638019561768,0.09507804363965988,
1.6660120487213135,0.008604947477579117,1.5584834814071655,0.09892354905605316,
1.6796766519546509,0.008593357168138027,1.5711148977279663,0.09996847063302994,
1.6760896444320679,0.006516429595649242,1.5711545944213867,0.09841859340667725,
1.632617473602295,0.010281301103532314,1.5262503623962402,0.09608572721481323,
1.6643296480178833,0.008128268644213676,1.5582631826400757,0.09793820232152939,
1.7087321281433105,0.010939872823655605,1.5962170362472534,0.10157519578933716,
1.693719744682312,0.009540481492877007,1.5839532613754272,0.1002260223031044,
1.6505522727966309,0.00721812155097723,1.5450193881988525,0.09831473231315613,
1.6360262632369995,0.005177972372621298,1.5340936183929443,0.09675466269254684,
1.6489955186843872,0.00786763895303011,1.5433026552200317,0.09782513976097107,
1.638932466506958,0.01201386097818613,1.530112385749817,0.09680619090795517,
1.6241117715835571,0.010221153497695923,1.5178264379501343,0.0960642546415329,
1.6622928380966187,0.005452715326100588,1.558866262435913,0.0979737862944603,
1.7085072994232178,0.00589124346151948,1.6025248765945435,0.10009116679430008,
1.6697478294372559,0.005771644413471222,1.565698504447937,0.09827768802642822,
1.7001742124557495,0.007223725318908691,1.5933165550231934,0.09963390231132507,
1.6515700817108154,0.01000496931374073,1.544790506362915,0.0967746153473854,
1.6751811504364014,0.007934071123600006,1.5679525136947632,0.09929458796977997,
1.6914633512496948,0.0074626365676522255,1.5845363140106201,0.09946446120738983,
1.632058024406433,0.00512994360178709,1.5307761430740356,0.0961519107222557,
1.6552655696868896,0.005873433779925108,1.5524157285690308,0.0969763919711113,
1.633014440536499,0.006966562010347843,1.5294841527938843,0.09656371176242828,
1.6253414154052734,0.006334301549941301,1.5234766006469727,0.09553047269582748,
1.6020054817199707,0.0056717973202466965,1.502274513244629,0.0940592885017395,
1.65776789188385,0.005570476874709129,1.5542110204696655,0.0979863628745079,
1.6229238510131836,0.005758459214121103,1.5213682651519775,0.09579714387655258,
1.6606425046920776,0.005572658963501453,1.5569586753845215,0.09811113774776459,
1.6795591115951538,0.006893622688949108,1.5740432739257812,0.0986221581697464,
1.6388726234436035,0.006972290575504303,1.5346128940582275,0.09728747606277466,
1.6374868154525757,0.0053384206257760525,1.535186529159546,0.09696181118488312,
1.6005828380584717,0.005142897833138704,1.501257300376892,0.09418267011642456,
1.6702953577041626,0.006878349464386702,1.5653557777404785,0.0980612263083458,
1.6321791410446167,0.0058607542887330055,1.5303863286972046,0.0959320217370987,
1.6771135330200195,0.006642286200076342,1.5713082551956177,0.09916293621063232,
1.6659376621246338,0.007021858356893063,1.560837984085083,0.09807781130075455,
1.6520875692367554,0.007503298111259937,1.5467867851257324,0.09779753535985947,
1.6250053644180298,0.00756374467164278,1.5212328433990479,0.09620877355337143,
1.6752887964248657,0.006510201841592789,1.5697017908096313,0.0990767702460289,
1.6332550048828125,0.008246582001447678,1.528818964958191,0.09618949145078659,
1.6347036361694336,0.00711930962279439,1.530606985092163,0.09697738289833069,
1.6265281438827515,0.007535550277680159,1.5232133865356445,0.0957791730761528,
1.5972651243209839,0.006062834523618221,1.4972329139709473,0.09396933019161224,
1.633575677871704,0.010792072862386703,1.5265082120895386,0.0962754637002945,
1.6389223337173462,0.012060665525496006,1.5299936532974243,0.09686808288097382,
1.6758993864059448,0.009404322132468224,1.5681228637695312,0.09837216883897781,
1.6720534563064575,0.006142443045973778,1.5670695304870605,0.09884144365787506,
1.649222493171692,0.007452807389199734,1.5451114177703857,0.09665825217962265,
1.6335943937301636,0.00871667917817831,1.528260350227356,0.09661728143692017,
1.681397557258606,0.010921312496066093,1.5716859102249146,0.09879028052091599,
1.6774259805679321,0.0099638681858778,1.56880521774292,0.09865687042474747,
1.6559823751449585,0.010629032738506794,1.5477408170700073,0.09761250019073486,
1.671059250831604,0.010843293741345406,1.5612773895263672,0.09893856197595596,
1.6899638175964355,0.011711322702467442,1.5763885974884033,0.10186384618282318,
1.6889264583587646,0.010591540485620499,1.5781019926071167,0.10023297369480133,
1.6340736150741577,0.008046083152294159,1.5302107334136963,0.09581691026687622,
1.632140040397644,0.007079053670167923,1.5285543203353882,0.09650672227144241,
1.6370630264282227,0.00639744009822607,1.5346091985702515,0.09605629742145538,
1.6349467039108276,0.008764675818383694,1.5288301706314087,0.09735193103551865,
1.6227775812149048,0.009230054914951324,1.5173081159591675,0.09623942524194717,
1.6086946725845337,0.010525825433433056,1.503726840019226,0.09444200247526169,
1.6398333311080933,0.009670970030128956,1.533799648284912,0.09636269509792328,
1.6724040508270264,0.008312217891216278,1.565064549446106,0.09902727603912354,
1.6035261154174805,0.005379650741815567,1.5041111707687378,0.09403523802757263,
1.6813820600509644,0.006194985471665859,1.5758452415466309,0.09934184700250626,
1.6741164922714233,0.009291567839682102,1.5668299198150635,0.09799504280090332,
1.6341302394866943,0.008504899218678474,1.5288352966308594,0.09679003804922104,
1.6223899126052856,0.008433571085333824,1.5188027620315552,0.09515359252691269,
1.6030510663986206,0.008096037432551384,1.5008220672607422,0.09413306415081024,
1.6933612823486328,0.009596755728125572,1.5835381746292114,0.10022642463445663,
1.6223008632659912,0.005864033475518227,1.5205237865447998,0.09591300040483475,
1.600347876548767,0.00642818957567215,1.4998446702957153,0.09407491981983185,
1.6216931343078613,0.007361597381532192,1.518380880355835,0.095950648188591,
1.5988188982009888,0.005984374787658453,1.4989731311798096,0.09386128187179565,
1.6393966674804688,0.006471197120845318,1.5364528894424438,0.09647264331579208,
1.6710220575332642,0.007526319939643145,1.5646272897720337,0.09886854887008667,
1.6899116039276123,0.006453809328377247,1.5840039253234863,0.099453866481781,
1.6922168731689453,0.01005199272185564,1.581565022468567,0.10059987753629684,
1.6293615102767944,0.008869824931025505,1.5243695974349976,0.09612209349870682,
1.6875088214874268,0.01257484219968319,1.5745387077331543,0.10039526969194412,
1.6512010097503662,0.010624352842569351,1.5430020093917847,0.09757456183433533,
1.6170051097869873,0.006235035136342049,1.515814185142517,0.09495590627193451,
1.6331524848937988,0.007621766068041325,1.5289113521575928,0.09661934524774551,
1.6343728303909302,0.009497923776507378,1.5272566080093384,0.09761837869882584,
1.6346149444580078,0.009919200092554092,1.5279875993728638,0.09670822322368622,
1.6558115482330322,0.00854957103729248,1.5491245985031128,0.09813734143972397,
1.6338492631912231,0.0051000406965613365,1.532431960105896,0.09631726890802383,
1.6187924146652222,0.007990289479494095,1.5159300565719604,0.09487215429544449,
1.6086493730545044,0.005503891035914421,1.5079702138900757,0.09517522156238556,
1.6053543090820312,0.005195474252104759,1.5060367584228516,0.0941220223903656,
1.6622941493988037,0.007869526743888855,1.557565450668335,0.09685926884412766,
1.6450726985931396,0.005850742571055889,1.5424094200134277,0.09681244194507599,
1.6774702072143555,0.007744666188955307,1.5694583654403687,0.10026711970567703,
1.6431448459625244,0.00850846990942955,1.5370464324951172,0.09758992493152618,
1.66754949092865,0.009970538318157196,1.5599414110183716,0.0976375862956047,
1.6798551082611084,0.009467033669352531,1.5709471702575684,0.09944092482328415,
1.6394394636154175,0.006451394874602556,1.5366460084915161,0.0963420569896698,
1.6446409225463867,0.007899724878370762,1.5391514301300049,0.09758971631526947,
1.6293375492095947,0.007354215253144503,1.525715708732605,0.09626763314008713,
1.5976487398147583,0.009571005590260029,1.4930135011672974,0.09506428241729736,
1.6319843530654907,0.010778823867440224,1.5250746011734009,0.09613090753555298,
1.6156272888183594,0.0056190695613622665,1.514583706855774,0.09542450308799744,
1.6699241399765015,0.007465776056051254,1.564112663269043,0.09834570437669754,
1.6583685874938965,0.006674542091786861,1.5536926984786987,0.09800131618976593,
1.6884095668792725,0.008642286993563175,1.5798826217651367,0.09988465160131454,
1.6078803539276123,0.009938724339008331,1.5031780004501343,0.09476364403963089,
1.6720781326293945,0.009167495183646679,1.564014196395874,0.09889640659093857,
1.633618712425232,0.008144775405526161,1.5284491777420044,0.0970248356461525,
1.600807785987854,0.004666635766625404,1.5021741390228271,0.09396690130233765,
1.6097171306610107,0.004518772475421429,1.5102119445800781,0.0949864611029625,
1.6891067028045654,0.009403608739376068,1.579403281211853,0.1002998873591423,
1.5952537059783936,0.006509256549179554,1.4953254461288452,0.09341895580291748,
1.621564269065857,0.006940912920981646,1.519733190536499,0.09489013999700546,
1.6657129526138306,0.006251749582588673,1.5612425804138184,0.09821873903274536,
1.6445657014846802,0.0053198798559606075,1.5424250364303589,0.09682084619998932,
1.590914011001587,0.006719356402754784,1.49042546749115,0.0937691479921341,
1.6697293519973755,0.005814569536596537,1.56557297706604,0.09834178537130356,
1.6327905654907227,0.005399457644671202,1.5310266017913818,0.09636451303958893,
1.6353144645690918,0.006221757270395756,1.5326842069625854,0.09640844166278839,
1.6367391347885132,0.005037573166191578,1.5356777906417847,0.09602382779121399,
1.6136544942855835,0.008474217727780342,1.509881854057312,0.09529834985733032,
1.6827805042266846,0.010288872756063938,1.5727858543395996,0.0997057855129242,
1.6461162567138672,0.008119230158627033,1.5411357879638672,0.09686121344566345,
1.610496997833252,0.005430407356470823,1.5102276802062988,0.09483885765075684,
1.5980435609817505,0.0047944094985723495,1.4994938373565674,0.0937553271651268,
1.6178185939788818,0.005429910961538553,1.5169917345046997,0.09539702534675598,
1.5688196420669556,0.0056498292833566666,1.4707305431365967,0.09243932366371155,
1.6228313446044922,0.006115671247243881,1.5216093063354492,0.09510641545057297,
1.633939266204834,0.006088846828788519,1.531785488128662,0.09606488794088364,
1.6367138624191284,0.008769618347287178,1.5306494235992432,0.09729480743408203,
1.6406042575836182,0.007530733477324247,1.535406231880188,0.09766734391450882,
1.6368567943572998,0.005750423297286034,1.5344280004501343,0.09667840600013733,
1.6365069150924683,0.00812909658998251,1.5324697494506836,0.09590800851583481,
1.609712839126587,0.008691641502082348,1.5067920684814453,0.09422915428876877,
1.5995954275131226,0.006479132920503616,1.499052882194519,0.0940634161233902,
1.6823886632919312,0.007398518733680248,1.5759031772613525,0.0990869477391243,
1.6200566291809082,0.006169783882796764,1.5188130140304565,0.09507381170988083,
1.634493350982666,0.009029711596667767,1.5283091068267822,0.09715444594621658,
1.6131846904754639,0.010252433829009533,1.5079522132873535,0.09498001635074615,
1.6024866104125977,0.0070970794185996056,1.5005768537521362,0.09481267631053925,
1.6561408042907715,0.007271312177181244,1.5508147478103638,0.09805478155612946,
1.6958122253417969,0.008210770785808563,1.5871905088424683,0.10041090846061707,
1.6597998142242432,0.006820889189839363,1.5558199882507324,0.09715884923934937,
1.6039659976959229,0.006586224772036076,1.5025995969772339,0.09478020668029785,
1.651161551475525,0.00692955544218421,1.5471876859664917,0.09704437851905823,
1.5831624269485474,0.005482769105583429,1.4849681854248047,0.092711441218853,
1.6312665939331055,0.007365975063294172,1.5271646976470947,0.09673595428466797,
1.589709997177124,0.005063196644186974,1.4915169477462769,0.09312991052865982,
1.6491748094558716,0.007103359792381525,1.545133352279663,0.09693809598684311,
1.6362236738204956,0.007345423102378845,1.5318430662155151,0.09703518450260162,
1.619422197341919,0.006313653662800789,1.5185896158218384,0.09451895207166672,
1.619354486465454,0.006780480500310659,1.5171453952789307,0.09542856365442276,
1.5999937057495117,0.005700486712157726,1.4999778270721436,0.09431537240743637,
1.6080256700515747,0.009667313657701015,1.503801941871643,0.09455642849206924,
1.64509117603302,0.012253327295184135,1.534848928451538,0.09798891097307205,
1.620507001876831,0.013815534301102161,1.5113581418991089,0.09533338248729706,
1.6341663599014282,0.007919719442725182,1.5301345586776733,0.09611214697360992,
1.7094169855117798,0.006952091120183468,1.6012556552886963,0.10120933502912521,
1.6372488737106323,0.0048064375296235085,1.5365651845932007,0.09587723016738892,
1.5730034112930298,0.006307851988822222,1.4741899967193604,0.09250552207231522,
1.5907506942749023,0.00695461593568325,1.4900648593902588,0.09373115003108978,
1.679924488067627,0.008395491167902946,1.5725948810577393,0.09893421828746796,
1.643370509147644,0.00415127445012331,1.5423896312713623,0.09682966768741608,
1.6293525695800781,0.006504510995000601,1.5262428522109985,0.09660512953996658,
1.5896828174591064,0.004445310682058334,1.4915202856063843,0.09371718019247055,
1.654086947441101,0.007482763845473528,1.5487178564071655,0.09788630902767181,
1.6635504961013794,0.007266026921570301,1.558607816696167,0.0976765975356102,
1.6282970905303955,0.004865741357207298,1.5276495218276978,0.0957818478345871,
1.6452726125717163,0.006881997920572758,1.5414278507232666,0.09696278721094131,
1.5929310321807861,0.006735337898135185,1.4924315214157104,0.09376417845487595,
1.6360663175582886,0.011514775454998016,1.5283101797103882,0.0962413027882576,
1.6394542455673218,0.008366435766220093,1.5347297191619873,0.09635810554027557,
1.6311460733413696,0.007369299419224262,1.5274511575698853,0.09632568806409836,
1.6146736145019531,0.0049522556364536285,1.515140175819397,0.09458115696907043,
1.661372423171997,0.008773245848715305,1.5542984008789062,0.09830078482627869,
1.624806523323059,0.006844368297606707,1.5223042964935303,0.09565777331590652,
1.658920407295227,0.007472581695765257,1.5534589290618896,0.09798885136842728,
1.619052529335022,0.008598408661782742,1.5154109001159668,0.0950431227684021,
1.6308503150939941,0.007472849451005459,1.5270705223083496,0.09630697220563889,
1.6248688697814941,0.00855694618076086,1.5204309225082397,0.09588097780942917,
1.6104909181594849,0.006876681465655565,1.5084435939788818,0.09517057985067368,
1.6361114978790283,0.007918629795312881,1.5312188863754272,0.09697399288415909,
1.6213679313659668,0.0056579262018203735,1.5208065509796143,0.09490342438220978,
1.621425747871399,0.0085874292999506,1.5170072317123413,0.0958310216665268,
1.6200817823410034,0.006355333141982555,1.5187485218048096,0.0949779823422432,
1.5942262411117554,0.006574652157723904,1.4933712482452393,0.09428038448095322,
1.585748314857483,0.006934275850653648,1.4855701923370361,0.09324387460947037,
1.6468294858932495,0.009553044103085995,1.5388855934143066,0.09839078783988953,
1.6407289505004883,0.00534843048080802,1.5390565395355225,0.09632401168346405,
1.6492154598236084,0.00791045930236578,1.5443150997161865,0.09698986262083054,
1.7050931453704834,0.007618444971740246,1.5968601703643799,0.1006145030260086,
1.629704236984253,0.008316224440932274,1.5260145664215088,0.09537336230278015,
1.6291074752807617,0.010118851438164711,1.5232118368148804,0.09577682614326477,
1.6002172231674194,0.00997371505945921,1.4954051971435547,0.09483823925256729,
1.5925136804580688,0.008979854173958302,1.4903886318206787,0.0931452140212059,
1.5894156694412231,0.009805815294384956,1.4861465692520142,0.09346327930688858,
1.6286669969558716,0.009740340523421764,1.5232601165771484,0.09566653519868851,
1.6212877035140991,0.009139196947216988,1.5170371532440186,0.09511137008666992,
1.6558092832565308,0.009266156703233719,1.548453688621521,0.09808945655822754,
1.617147445678711,0.01129104569554329,1.510300636291504,0.09555575996637344,
1.6413962841033936,0.00978814996778965,1.5351916551589966,0.09641651064157486,
1.6914219856262207,0.017102260142564774,1.573537826538086,0.10078197717666626,
1.609228491783142,0.012816458940505981,1.5015599727630615,0.09485204517841339,
1.5888556241989136,0.005642135627567768,1.489327073097229,0.09388639032840729,
1.5926313400268555,0.005244077183306217,1.4934046268463135,0.09398259967565536,
1.5900826454162598,0.005574981682002544,1.4909701347351074,0.0935375764966011,
1.6691957712173462,0.00858271773904562,1.5626754760742188,0.09793759137392044,
1.5896002054214478,0.007721569389104843,1.4885761737823486,0.09330251812934875,
1.6662383079528809,0.009014759212732315,1.5596026182174683,0.09762096405029297,
1.6356666088104248,0.004868889227509499,1.5343339443206787,0.09646383672952652,
1.6639294624328613,0.005259447265416384,1.5604819059371948,0.09818820655345917,
1.6460669040679932,0.008007441647350788,1.5413299798965454,0.09672946482896805,
1.655268907546997,0.007757903542369604,1.550668716430664,0.09684229642152786,
1.601957082748413,0.0066221170127391815,1.501028060913086,0.09430700540542603,
1.607932448387146,0.006140817888081074,1.507341742515564,0.09444985538721085,
1.632002830505371,0.007155562285333872,1.5284323692321777,0.09641487896442413,
1.6084764003753662,0.0057476358488202095,1.5078742504119873,0.0948544442653656,
1.6692664623260498,0.005921648815274239,1.5647863149642944,0.09855860471725464,
1.5882110595703125,0.0056224423460662365,1.4889092445373535,0.09367943555116653,
1.5902096033096313,0.007003530859947205,1.48964524269104,0.09356077015399933,
1.6180726289749146,0.010794616304337978,1.5119807720184326,0.09529716521501541,
1.6614990234375,0.010548547841608524,1.5527796745300293,0.09817080944776535,
1.6208189725875854,0.008787473663687706,1.5160810947418213,0.09595032781362534,
1.5911391973495483,0.005682672839611769,1.4917821884155273,0.09367425739765167,
1.615621566772461,0.008495837450027466,1.5114657878875732,0.09566003084182739,
1.6535282135009766,0.00849432684481144,1.5476707220077515,0.09736312925815582,
1.597939133644104,0.007058120332658291,1.4971920251846313,0.0936889573931694,
1.6280643939971924,0.009826041758060455,1.520766019821167,0.09747229516506195,
1.5910899639129639,0.007866594940423965,1.489567518234253,0.09365583211183548,
1.5662490129470825,0.007303283549845219,1.4672354459762573,0.09171033650636673,
1.664575219154358,0.007137673906981945,1.5598992109298706,0.0975382924079895,
1.5834518671035767,0.005420928820967674,1.4846665859222412,0.0933644101023674,
1.6486151218414307,0.004756942391395569,1.5469839572906494,0.09687425196170807,
1.6801515817642212,0.008708283305168152,1.5718071460723877,0.09963621944189072,
1.608952522277832,0.008525216020643711,1.506225824356079,0.0942014753818512,
1.6217259168624878,0.006565239746123552,1.5199178457260132,0.09524287283420563,
1.595107913017273,0.00482768751680851,1.4955339431762695,0.09474624693393707,
1.6717630624771118,0.0075720553286373615,1.56515371799469,0.09903731942176819,
1.6292614936828613,0.005621260032057762,1.527786374092102,0.0958537682890892,
1.6638530492782593,0.0070879035629332066,1.5590664148330688,0.0976986438035965,
1.5797947645187378,0.005146868992596865,1.482447624206543,0.09220024943351746,
1.658123254776001,0.008211436681449413,1.5525847673416138,0.09732703864574432,
1.64400053024292,0.007909334264695644,1.538497805595398,0.09759338945150375,
1.6507112979888916,0.0032217807602137327,1.5507416725158691,0.09674783051013947,
1.5986580848693848,0.006897035054862499,1.4980701208114624,0.093690887093544,
1.6888337135314941,0.009535176679491997,1.5799838304519653,0.09931473433971405,
1.6240967512130737,0.007938530296087265,1.5205990076065063,0.09555922448635101,
1.6501266956329346,0.008907198905944824,1.543735384941101,0.09748413413763046,
1.6898642778396606,0.007610010914504528,1.5828303098678589,0.09942400455474854,
1.6103794574737549,0.005040626507252455,1.5102118253707886,0.09512694925069809,
1.615368127822876,0.004399547819048166,1.515919804573059,0.09504873305559158,
1.5810856819152832,0.007314358837902546,1.4806420803070068,0.0931292474269867,
1.6430050134658813,0.00793527066707611,1.5384281873703003,0.09664157032966614,
1.5862737894058228,0.005147158168256283,1.4874695539474487,0.09365716576576233,
1.65457022190094,0.006708464119583368,1.5506598949432373,0.09720184653997421,
1.5833698511123657,0.003581772558391094,1.4866125583648682,0.09317553043365479,
1.6299433708190918,0.004354012664407492,1.5296134948730469,0.09597593545913696,
1.6593815088272095,0.005556400399655104,1.5557396411895752,0.09808557480573654,
1.644608497619629,0.006451748311519623,1.5400465726852417,0.09811024367809296,
1.5886014699935913,0.00518630538135767,1.4896211624145508,0.09379395842552185,
1.5786782503128052,0.006562306545674801,1.4789024591445923,0.09321340173482895,
1.6316908597946167,0.007107993122190237,1.528851866722107,0.09573102742433548,
1.5965461730957031,0.005007872357964516,1.4978548288345337,0.09368342906236649,
1.6023396253585815,0.00413272250443697,1.5036624670028687,0.0945444107055664,
1.6607328653335571,0.00452103978022933,1.5577571392059326,0.09845475852489471,
1.6292004585266113,0.003980399575084448,1.529167652130127,0.09605244547128677,
1.6097835302352905,0.009010874666273594,1.5059833526611328,0.09478932619094849,
1.6014981269836426,0.007010600995272398,1.5003023147583008,0.0941852331161499,
1.6443721055984497,0.008589978329837322,1.5377949476242065,0.09798718243837357,
1.6381784677505493,0.006028574891388416,1.5354266166687012,0.0967232808470726,
1.6062067747116089,0.004412912763655186,1.5074653625488281,0.09432847797870636,
1.6637827157974243,0.007749126758426428,1.5578022003173828,0.09823138266801834,
1.653761625289917,0.010637049563229084,1.5443198680877686,0.09880474209785461,
1.601089358329773,0.00734428595751524,1.499193787574768,0.09455137699842453,
1.6243023872375488,0.0077040670439600945,1.5208065509796143,0.095791757106781,
1.5941919088363647,0.004614958073943853,1.495590090751648,0.0939868912100792,
1.567543625831604,0.0044793542474508286,1.4709335565567017,0.09213068336248398,
1.5983173847198486,0.00672881118953228,1.4974253177642822,0.09416331350803375,
1.6359453201293945,0.00724097341299057,1.5320638418197632,0.09664052724838257,
1.6016845703125,0.0092603899538517,1.4972245693206787,0.09519953280687332,
1.5861990451812744,0.005050554871559143,1.4879969358444214,0.09315156936645508,
1.5758187770843506,0.005334286019206047,1.4776607751846313,0.09282378852367401,
1.5853304862976074,0.007582067046314478,1.4843885898590088,0.09335985779762268,
1.6818596124649048,0.005724193993955851,1.5768969058990479,0.09923847764730453,
1.6071332693099976,0.005543135106563568,1.5075258016586304,0.0940643772482872,
1.624172568321228,0.0090836426243186,1.519820213317871,0.09526874870061874,
1.6416987180709839,0.008899378590285778,1.5366458892822266,0.09615345299243927,
1.637069582939148,0.008077995851635933,1.5325285196304321,0.09646307677030563,
1.5989232063293457,0.005712623707950115,1.4990347623825073,0.0941757783293724,
1.6305744647979736,0.007914373651146889,1.5273386240005493,0.09532143175601959,
1.5973315238952637,0.008648069575428963,1.4950997829437256,0.09358367323875427,
1.5940037965774536,0.012403644621372223,1.4878666400909424,0.09373359382152557,
1.6510331630706787,0.012095443904399872,1.542842984199524,0.09609470516443253,
1.6138280630111694,0.010902836918830872,1.5082354545593262,0.0946897491812706,
1.6293680667877197,0.006717796437442303,1.527273178100586,0.09537710249423981,
1.6077736616134644,0.0061493259854614735,1.5074293613433838,0.09419497102499008,
1.6053918600082397,0.008029673248529434,1.503554105758667,0.09380804747343063,
1.6021543741226196,0.009072866290807724,1.499376893043518,0.09370458126068115,
1.6389857530593872,0.01361792255192995,1.529026985168457,0.0963408350944519,
1.6684013605117798,0.008252357132732868,1.5617790222167969,0.09837000072002411,
1.5750818252563477,0.008610298857092857,1.4735153913497925,0.09295614063739777,
1.6244394779205322,0.009138918481767178,1.5195162296295166,0.09578432887792587,
1.6254373788833618,0.007559753023087978,1.5226904153823853,0.09518718719482422,
1.5883562564849854,0.005222250707447529,1.490081548690796,0.09305250644683838,
1.644421935081482,0.007378703914582729,1.5404053926467896,0.09663784503936768,
1.6360236406326294,0.005270168650895357,1.5346360206604004,0.09611750394105911,
1.6094666719436646,0.0061494954861700535,1.5088680982589722,0.09444903582334518,
1.5850393772125244,0.0064504072070121765,1.4850651025772095,0.09352385252714157,
1.6040804386138916,0.004401255398988724,1.5059924125671387,0.09368684142827988,
1.609972357749939,0.004701306577771902,1.5105371475219727,0.09473401308059692,
1.5994843244552612,0.005066481418907642,1.5000799894332886,0.09433787316083908,
1.6455045938491821,0.0051603722386062145,1.5435656309127808,0.09677866101264954,
1.6741306781768799,0.006830916740000248,1.5691806077957153,0.09811915457248688,
1.6008591651916504,0.0061951372772455215,1.5004298686981201,0.09423407167196274,
1.6305623054504395,0.004593092482537031,1.5292696952819824,0.09669950604438782,
1.6294416189193726,0.005514818709343672,1.5275934934616089,0.09633321315050125,
1.6695780754089355,0.005105898715555668,1.5656204223632812,0.0988517627120018,
1.6657397747039795,0.00476694293320179,1.5631778240203857,0.09779497981071472,
1.6593103408813477,0.007495710160583258,1.553926944732666,0.09788767993450165,
1.6017261743545532,0.00717913918197155,1.5002084970474243,0.09433858841657639,
1.6389734745025635,0.008005963638424873,1.5343949794769287,0.09657254815101624,
1.6520048379898071,0.008753115311264992,1.5459349155426025,0.09731683135032654,
1.6516188383102417,0.005883188918232918,1.5485293865203857,0.09720619022846222,
1.6056478023529053,0.004356337711215019,1.5066776275634766,0.09461383521556854,
1.6274844408035278,0.005317460745573044,1.5265196561813354,0.09564729779958725,
1.5982162952423096,0.0055517349392175674,1.4983515739440918,0.09431307017803192,
1.6332156658172607,0.006310959346592426,1.5313644409179688,0.09554034471511841,
1.604912519454956,0.005002311430871487,1.505456566810608,0.09445374459028244,
1.6085374355316162,0.00489896722137928,1.5094432830810547,0.09419506788253784,
1.6398159265518188,0.005746776703745127,1.537587285041809,0.09648197889328003,
1.63402259349823,0.004776109475642443,1.5329930782318115,0.09625344723463058,
1.6034059524536133,0.0038096290081739426,1.505224585533142,0.09437181800603867,
1.5971176624298096,0.0039012953639030457,1.4994735717773438,0.09374284744262695,
1.6061301231384277,0.003989379853010178,1.506998896598816,0.09514188021421432,
1.6275547742843628,0.002743382006883621,1.5291647911071777,0.09564657509326935,
1.6116570234298706,0.004329689312726259,1.5120958089828491,0.09523148834705353,
1.6931240558624268,0.010382166132330894,1.582925796508789,0.09981605410575867,
1.6213371753692627,0.008956375531852245,1.516900897026062,0.09547988325357437,
1.6180613040924072,0.006836514919996262,1.5156158208847046,0.09560894966125488,
1.6112490892410278,0.007792714983224869,1.5089515447616577,0.09450487047433853,
1.6314057111740112,0.006533286068588495,1.5289572477340698,0.09591516107320786,
1.6085350513458252,0.0049240440130233765,1.5091731548309326,0.09443778544664383,
1.6016075611114502,0.00839832704514265,1.497864007949829,0.09534529596567154,
1.6089032888412476,0.006466077174991369,1.5075855255126953,0.09485170990228653,
1.6195191144943237,0.008087655529379845,1.5155303478240967,0.09590111672878265,
1.6507997512817383,0.006728738080710173,1.546558141708374,0.09751281142234802,
1.5921657085418701,0.00441338587552309,1.493812084197998,0.09394025057554245,
1.6111615896224976,0.004147607833147049,1.5119019746780396,0.09511201083660126,
1.584545612335205,0.004582195542752743,1.4871327877044678,0.09283071756362915,
1.6023540496826172,0.004803596064448357,1.5032391548156738,0.09431136399507523,
1.615828275680542,0.006703426130115986,1.5136176347732544,0.09550732374191284,
1.6648552417755127,0.009451132267713547,1.5572092533111572,0.09819485247135162,
1.6719603538513184,0.00539370346814394,1.5691496133804321,0.09741698950529099,
1.6307264566421509,0.006418292410671711,1.528922200202942,0.09538593888282776,
1.5952489376068115,0.006618859246373177,1.4943183660507202,0.0943116694688797,
1.6427042484283447,0.0068242959678173065,1.5396531820297241,0.0962267518043518,
1.5972301959991455,0.008096180856227875,1.4949198961257935,0.09421406686306,
1.6295894384384155,0.010938404127955437,1.5226502418518066,0.09600083529949188,
1.6438615322113037,0.007439499255269766,1.5401878356933594,0.09623418748378754,
1.6513152122497559,0.00783841498196125,1.5463787317276,0.09709805995225906,
1.5773953199386597,0.005772281438112259,1.4785130023956299,0.09311002492904663,
1.59641695022583,0.006539974827319384,1.496114730834961,0.09376224875450134,
1.5753332376480103,0.00617548543959856,1.4764809608459473,0.0926767960190773,
1.6061502695083618,0.009842859581112862,1.5014516115188599,0.09485574066638947,
1.674627661705017,0.009862300008535385,1.566684603691101,0.09808074682950974,
1.6228654384613037,0.005916077643632889,1.5215717554092407,0.09537751972675323,
1.6029393672943115,0.006157705560326576,1.5027481317520142,0.09403347969055176,
1.6427901983261108,0.005753852892667055,1.540208101272583,0.09682819992303848,
1.6223551034927368,0.00601581297814846,1.5213532447814941,0.09498609602451324,
1.6461745500564575,0.009799052029848099,1.540206789970398,0.09616879373788834,
1.6272298097610474,0.006659066770225763,1.5242698192596436,0.09630098938941956,
1.609408974647522,0.0049750651232898235,1.5098631381988525,0.09457079321146011,
1.6060634851455688,0.0059190490283071995,1.5058780908584595,0.09426631778478622,
1.6460916996002197,0.008810698986053467,1.5406855344772339,0.09659542888402939,
1.6186013221740723,0.006730450317263603,1.515961766242981,0.09590909630060196,
1.6067365407943726,0.005314870271831751,1.5069444179534912,0.09447730332612991,
1.6037501096725464,0.007425340358167887,1.5022311210632324,0.09409363567829132,
1.6583305597305298,0.008472836576402187,1.5524230003356934,0.09743473678827286,
1.6486079692840576,0.005837486125528812,1.5452969074249268,0.0974736288189888,
1.6050052642822266,0.004154998809099197,1.5062966346740723,0.0945536345243454,
1.6106297969818115,0.006511818151921034,1.5086175203323364,0.09550044685602188,
1.5733981132507324,0.006921350955963135,1.4739696979522705,0.09250707179307938,
1.5965209007263184,0.005296817049384117,1.4975250959396362,0.09369900077581406,
1.595245361328125,0.004361876752227545,1.4969749450683594,0.09390859305858612,
1.5991772413253784,0.005668344907462597,1.4993081092834473,0.0942007377743721,
1.6012144088745117,0.003836641786620021,1.5031057596206665,0.09427198767662048,
1.610787034034729,0.004989252891391516,1.5102932453155518,0.09550446271896362,
1.630469799041748,0.005974220111966133,1.5288951396942139,0.09560047835111618,
1.6239752769470215,0.006813971325755119,1.5216327905654907,0.0955284833908081,
1.5959527492523193,0.009093488566577435,1.4916090965270996,0.09525014460086823,
1.6098878383636475,0.004782966338098049,1.511205792427063,0.09389915317296982,
1.6368992328643799,0.008332502096891403,1.5311871767044067,0.09737959504127502,
1.590824842453003,0.006833817344158888,1.4906299114227295,0.09336110204458237,
1.6311609745025635,0.007972114719450474,1.5271754264831543,0.0960133969783783,
1.6704667806625366,0.006568942219018936,1.5660840272903442,0.09781389683485031,
1.5731298923492432,0.008400959894061089,1.4718023538589478,0.09292661398649216,
1.5852032899856567,0.009479634463787079,1.4817155599594116,0.09400807321071625,
1.6200731992721558,0.007684511132538319,1.5172159671783447,0.09517281502485275,
1.6297149658203125,0.007123657967895269,1.5270107984542847,0.09558050334453583,
1.6314338445663452,0.0064878035336732864,1.5283945798873901,0.09655142575502396,
1.5940226316452026,0.004612312652170658,1.4956644773483276,0.09374576807022095,
1.5976921319961548,0.006238557398319244,1.4970893859863281,0.09436415880918503,
1.6088353395462036,0.004814122337847948,1.50948965549469,0.09453152120113373,
1.6006290912628174,0.005819633603096008,1.50020432472229,0.09460504353046417,
1.6113693714141846,0.006670092698186636,1.5099655389785767,0.09473372995853424,
1.610429286956787,0.005982611794024706,1.509402871131897,0.09504376351833344,
1.5749601125717163,0.003932570107281208,1.478577733039856,0.09244973212480545,
1.6038333177566528,0.004046413581818342,1.5057222843170166,0.0940646305680275,
1.6462002992630005,0.0035629759076982737,1.5458602905273438,0.09677708148956299,
1.5944277048110962,0.005023475736379623,1.495496153831482,0.09390804916620255,
1.601837396621704,0.003819304285570979,1.503846526145935,0.09417150914669037,
1.5870293378829956,0.006628804840147495,1.4871587753295898,0.09324178099632263,
1.620728611946106,0.007736354134976864,1.5176258087158203,0.09536650031805038,
1.5907728672027588,0.0031952625140547752,1.4938135147094727,0.0937640517950058,
1.5779306888580322,0.003564882092177868,1.4815123081207275,0.09285357594490051,
1.6072245836257935,0.006045232992619276,1.5066323280334473,0.09454701095819473,
1.5903037786483765,0.005915742367506027,1.4910821914672852,0.0933057963848114,
1.6644583940505981,0.004540920257568359,1.5614532232284546,0.09846422076225281,
1.6386138200759888,0.003265314269810915,1.5388745069503784,0.09647408127784729,
1.6103909015655518,0.0042417035438120365,1.511391282081604,0.09475796669721603,
1.6130627393722534,0.006729173474013805,1.510506272315979,0.09582730382680893,
1.6370654106140137,0.008266685530543327,1.532192587852478,0.09660615772008896,
1.599839687347412,0.004740491043776274,1.5013582706451416,0.09374099969863892,
1.659029483795166,0.005535440985113382,1.5562403202056885,0.09725362807512283,
1.6116626262664795,0.004274655599147081,1.5122941732406616,0.09509380906820297,
1.63372802734375,0.005296474322676659,1.53257155418396,0.09585997462272644,
1.602410078048706,0.005124472081661224,1.5029466152191162,0.0943390280008316,
1.6382944583892822,0.008449114859104156,1.5333244800567627,0.09652089327573776,
1.6223535537719727,0.00569428876042366,1.5212681293487549,0.09539113193750381,
1.5930835008621216,0.005603809840977192,1.4940634965896606,0.09341619908809662,
1.6107906103134155,0.005425912793725729,1.5098702907562256,0.0954943373799324,
1.6393033266067505,0.004639138001948595,1.5378870964050293,0.09677707403898239,
1.601780652999878,0.004026616923511028,1.5035979747772217,0.09415604174137115,
1.6164098978042603,0.006110205315053463,1.5152040719985962,0.09509564191102982,
1.5975462198257446,0.006322093773633242,1.4977928400039673,0.09343120455741882,
1.5953543186187744,0.006787039805203676,1.4945838451385498,0.09398342669010162,
1.5712486505508423,0.003832591697573662,1.4750490188598633,0.0923670083284378,
1.6192480325698853,0.004223993048071861,1.5199549198150635,0.09506918489933014,
1.6040698289871216,0.005280147306621075,1.5039960145950317,0.09479367733001709,
1.6225943565368652,0.005691565107554197,1.521350622177124,0.09555219113826752,
1.601476788520813,0.007398759946227074,1.4998599290847778,0.09421814978122711,
1.619369626045227,0.00793947372585535,1.5160273313522339,0.09540282934904099,
1.6044011116027832,0.007573953829705715,1.5024158954620361,0.094411201775074,
1.6086044311523438,0.004887792281806469,1.5093446969985962,0.09437188506126404,
1.639225721359253,0.0038786912336945534,1.5393935441970825,0.09595347940921783,
1.5863217115402222,0.007020814344286919,1.4859261512756348,0.09337472170591354,
1.5835294723510742,0.006519411224871874,1.4837363958358765,0.0932735949754715,
1.6136808395385742,0.006171747576445341,1.5130422115325928,0.0944669246673584,
1.5897687673568726,0.006134298630058765,1.489888072013855,0.09374643862247467,
1.646648645401001,0.005547444336116314,1.5440698862075806,0.09703134000301361,
1.5867230892181396,0.004026683513075113,1.4893853664398193,0.0933111160993576,
1.6239720582962036,0.0064780740067362785,1.5226496458053589,0.09484434872865677,
1.5860180854797363,0.003982751630246639,1.488429069519043,0.09360621869564056,
1.591331958770752,0.005141722038388252,1.4919953346252441,0.0941949263215065,
1.5887020826339722,0.0050311824306845665,1.4904035329818726,0.0932672843337059,
1.5959651470184326,0.004330475348979235,1.497660517692566,0.09397410601377487,
1.6112828254699707,0.004472216125577688,1.5120187997817993,0.09479175508022308,
1.5893276929855347,0.0033227221574634314,1.4924418926239014,0.09356311708688736,
1.6115069389343262,0.005853925831615925,1.5105836391448975,0.09506942331790924,
1.6254085302352905,0.006816992536187172,1.5226609706878662,0.0959305614233017,
1.6258729696273804,0.005371842999011278,1.5249234437942505,0.09557771682739258,
1.6268795728683472,0.006974813994020224,1.5246551036834717,0.09524968266487122,
1.618362307548523,0.005218151491135359,1.518075942993164,0.09506816416978836,
1.665605068206787,0.004949994385242462,1.5622193813323975,0.09843568503856659,
1.6202187538146973,0.00448058545589447,1.5203052759170532,0.09543292224407196,
1.5723198652267456,0.004185761325061321,1.475131869316101,0.09300217032432556,
1.6161612272262573,0.005928363651037216,1.5148009061813354,0.09543195366859436,
1.610634207725525,0.0027962166350334883,1.5127959251403809,0.09504207968711853,
1.619835615158081,0.0058662681840360165,1.5187629461288452,0.09520633518695831,
1.6336215734481812,0.004917263053357601,1.5328375101089478,0.09586679935455322,
1.5819905996322632,0.005260080099105835,1.4828633069992065,0.09386718273162842,
1.5994099378585815,0.004077908582985401,1.5012754201889038,0.0940566137433052,
1.5767565965652466,0.0029453267343342304,1.4811662435531616,0.0926450863480568,
1.6250290870666504,0.0051229242235422134,1.5242671966552734,0.09563903510570526,
1.6222047805786133,0.007502370979636908,1.518113136291504,0.09658928960561752,
1.6091656684875488,0.00484663899987936,1.5090917348861694,0.0952271968126297,
1.651802897453308,0.007701473776251078,1.547006368637085,0.0970950648188591,
1.5923103094100952,0.005658276379108429,1.4929733276367188,0.09367876499891281,
1.6471436023712158,0.006736068055033684,1.543476939201355,0.0969306230545044,
1.6189459562301636,0.008077012374997139,1.5151474475860596,0.0957215204834938,
1.6060820817947388,0.004989178851246834,1.506070613861084,0.09502232819795609,
1.6177054643630981,0.006300629116594791,1.5162537097930908,0.09515105932950974,
1.6429352760314941,0.005971078760921955,1.5403947830200195,0.09656938165426254,
1.6584402322769165,0.006401556544005871,1.5544620752334595,0.0975765734910965,
1.5975096225738525,0.0041028959676623344,1.4991559982299805,0.09425067156553268,
1.568308711051941,0.00492602214217186,1.4714162349700928,0.09196647256612778,
1.5863981246948242,0.003999391105026007,1.4889472723007202,0.09345149993896484,
1.6124696731567383,0.007555569056421518,1.509813666343689,0.09510038048028946,
1.6166611909866333,0.006420040503144264,1.5150227546691895,0.09521839022636414,
1.5987536907196045,0.004034314304590225,1.5008525848388672,0.09386681020259857,
1.604534387588501,0.005148567259311676,1.5045744180679321,0.09481139481067657,
1.6248226165771484,0.006340820342302322,1.5230677127838135,0.09541403502225876,
1.5861138105392456,0.005905522033572197,1.4866812229156494,0.09352710843086243,
1.616408109664917,0.005789457354694605,1.5159968137741089,0.0946219339966774,
1.6184252500534058,0.005331461783498526,1.5173900127410889,0.09570377320051193,
1.5934175252914429,0.005847144406288862,1.4935905933380127,0.09397982805967331,
1.6049660444259644,0.004979455377906561,1.5056993961334229,0.09428714960813522,
1.564433217048645,0.005072133615612984,1.4671547412872314,0.09220632910728455,
1.5805306434631348,0.0056796143762767315,1.481792688369751,0.09305829554796219,
1.6115188598632812,0.005884311627596617,1.5109448432922363,0.09468971937894821,
1.6135082244873047,0.0052169570699334145,1.5134974718093872,0.09479384124279022,
1.6157478094100952,0.005087469704449177,1.515394926071167,0.09526534378528595,
1.6450673341751099,0.005214272066950798,1.5431081056594849,0.09674504399299622,
1.6134436130523682,0.006842533126473427,1.5115488767623901,0.09505225718021393,
1.6109824180603027,0.004555723629891872,1.5122102499008179,0.09421652555465698,
1.6086961030960083,0.004678931087255478,1.5099750757217407,0.09404207020998001,
1.578054666519165,0.0035784291103482246,1.4819915294647217,0.09248477220535278,
1.6441590785980225,0.007355338893830776,1.5399843454360962,0.09681939333677292,
1.6636536121368408,0.009165729396045208,1.5566991567611694,0.09778866916894913,
1.6002843379974365,0.003887516213580966,1.502522587776184,0.09387417137622833,
1.6060478687286377,0.007403467316180468,1.50375497341156,0.09488944709300995,
1.5988972187042236,0.004891856107860804,1.5002738237380981,0.09373150765895844,
1.6226109266281128,0.0045143780298531055,1.5231832265853882,0.09491335600614548,
1.5848098993301392,0.004891799762845039,1.4865471124649048,0.09337101131677628,
1.6233370304107666,0.007078910246491432,1.5207688808441162,0.09548923373222351,
1.594283103942871,0.007278461009263992,1.4936189651489258,0.09338570386171341,
1.5820478200912476,0.006171680521219969,1.48256254196167,0.09331361204385757,
1.6526200771331787,0.0063813296146690845,1.5490665435791016,0.0971723198890686,
1.5936020612716675,0.006513371132314205,1.4929304122924805,0.09415827691555023,
1.6189782619476318,0.0032500778324902058,1.5207804441452026,0.09494766592979431,
1.6274217367172241,0.008795207366347313,1.5229308605194092,0.0956955999135971,
1.6030551195144653,0.0074386149644851685,1.5016738176345825,0.09394264221191406,
1.5972709655761719,0.006008753553032875,1.4975005388259888,0.09376166015863419,
1.587743878364563,0.004477354232221842,1.490058422088623,0.09320801496505737,
1.6134315729141235,0.005275128409266472,1.5133273601531982,0.09482909739017487,
1.5729871988296509,0.004795445129275322,1.4760243892669678,0.09216741472482681,
1.584004282951355,0.0046084970235824585,1.4864243268966675,0.09297148883342743,
1.6007577180862427,0.004620595835149288,1.5019389390945435,0.09419817477464676,
1.56270432472229,0.005041955038905144,1.4659159183502197,0.09174644947052002,
1.6273163557052612,0.004175014793872833,1.527428388595581,0.09571292996406555,
1.6144541501998901,0.005465749651193619,1.5144436359405518,0.09454481303691864,
1.6058577299118042,0.006198487244546413,1.5054606199264526,0.09419863671064377,
